<?xml version="1.0" encoding="windows-1252"?>
<Collection name="CodeMirror Editors" guid="{73121366-107d-4c4b-8f89-a4de518fa316}" system="No" updatable="Yes" blockNavigatorNode="Yes" onInstallAddonGuid="">
	<HelpLink></HelpLink>
	<Help></Help>
	<Addon name="CodeMirror Common Include" guid="{597edb24-c2a0-4317-beec-ad25fd46eb73}" type="Add-on">
		<JavascriptInHead><![CDATA[
			function initCodeMirrorHtmlEditor( textAreaId, readOnly ) {
				var textArea = document.getElementById( textAreaId );
				CodeMirror.fromTextArea( textArea, {
					readOnly: (readOnly) ? "nocursor" : false,
					autoRefresh: true,
					lineWrapping: true,
					lineNumbers: true,
					theme: "idea",
					extraKeys: {
						"F11": function(cm) {
						cm.setOption("fullScreen", !cm.getOption("fullScreen"));
						},
						"Esc": function(cm) {
							if (cm.getOption("fullScreen")) cm.setOption("fullScreen", false);
						}
					}
				});
			}
		]]></JavascriptInHead>
		<javascriptForceHead>Yes</javascriptForceHead>
		<Styles><![CDATA[.codeMirrorEditor {
				border: 1px solid #eee; 
			}		
			.CodeMirror-line-numbers {
				padding-top: .45em ! important;
				background-color: #eee ! important;
			}
			.CodeMirror-line-numbers div {
				width: 2.2em ! important;
				color: #aaa ! important;
				background-color: #eee ! important;
				text-align: right ! important;
				padding-right: .3em ! important;
				font-size: 10pt ! important;
				font-family: monospace ! important;
				line-height: normal ! important;
			}]]></Styles>
	</Addon>
	<Addon name="CodeMirror Css Editor" guid="{480220ee-8ad2-4952-8a75-6373d8195e35}" type="Add-on">
		<DotNetClass><![CDATA[Contensive.CodeMirrorEditor.Views.CodeMirrorCssEditorRemote]]></DotNetClass>
		<IncludeAddon name="CodeMirror Common Include" guid="{597edb24-c2a0-4317-beec-ad25fd46eb73}"/>
		<Scripting Language="" EntryPoint="" Timeout="5000">
			<Code> </Code>
		</Scripting>
		<Editors>
			<type>CSS File</type>
		</Editors>
	</Addon>
	<Addon name="CodeMirror Html Editor" guid="{A63ED2BC-1523-41BD-B3B0-A4450944DD26}" type="Add-on">
		<DotNetClass><![CDATA[Contensive.CodeMirrorEditor.Views.CodeMirrorHtmlEditorRemote]]></DotNetClass>
		<IncludeAddon name="CodeMirror Common Include" guid="{597edb24-c2a0-4317-beec-ad25fd46eb73}"/>
		<Scripting Language="" EntryPoint="" Timeout="5000">
			<Code> </Code>
		</Scripting>
		<Editors>
			<type>HTML Code</type>
			<type>HTML Code File</type>
		</Editors>
	</Addon>
	<Addon name="CodeMirror Javascript Editor" guid="{012718a9-cd2a-49ff-9267-2bc48ace3d57}" type="Add-on">
		<DotNetClass><![CDATA[Contensive.CodeMirrorEditor.Views.CodeMirrorJavascriptEditorRemote]]></DotNetClass>
		<IncludeAddon name="CodeMirror Common Include" guid="{597edb24-c2a0-4317-beec-ad25fd46eb73}"/>
		<Scripting Language="" EntryPoint="" Timeout="5000">
			<Code> </Code>
		</Scripting>
		<Editors>
			<type>Javascript File</type>
		</Editors>
	</Addon>
	<Addon name="CodeMirror Text Editor" guid="{5cd1927d-4611-4c92-981e-1c58bca0a915}" type="Add-on">
		<DotNetClass><![CDATA[Contensive.CodeMirrorEditor.Views.CodeMirrorTextEditorRemote]]></DotNetClass>
		<IncludeAddon name="CodeMirror Common Include" guid="{597edb24-c2a0-4317-beec-ad25fd46eb73}"/>
		<Scripting Language="" EntryPoint="" Timeout="5000">
			<Code> </Code>
		</Scripting>
		<Editors>
			<type>LongText</type>
			<type>TextFile</type>
		</Editors>
	</Addon>
	<Addon name="CodeMirror Xml Editor" guid="{56a34edf-cf69-48c7-bac4-2b69dad519f8}" type="Add-on">
		<DotNetClass><![CDATA[Contensive.CodeMirrorEditor.Views.CodeMirrorXmlEditorRemote]]></DotNetClass>
		<IncludeAddon name="CodeMirror Common Include" guid="{597edb24-c2a0-4317-beec-ad25fd46eb73}"/>
		<Scripting Language="" EntryPoint="" Timeout="5000">
			<Code> </Code>
		</Scripting>

		<Editors>
			<type>XML File</type>
		</Editors>
	</Addon>
	<Resource name="codemirror-5.52.0.zip" type="www" path="" />
</Collection>