<?xml version="1.0" encoding="windows-1252"?>
<Collection name="Code Mirror Editors" guid="{73121366-107d-4c4b-8f89-a4de518fa316}" system="No" updatable="No" blockNavigatorNode="No" onInstallAddonGuid="">
	<HelpLink></HelpLink>
	<Help></Help>
	<Addon name="CodeMirror Html Editor" guid="{A63ED2BC-1523-41BD-B3B0-A4450944DD26}" type="Add-on">
		<Copy></Copy>
		<CopyText></CopyText>
		<!-- deprecated --><ActiveXProgramID></ActiveXProgramID>
		<DotNetClass></DotNetClass>
		<ArgumentList></ArgumentList>
		<AsAjax>No</AsAjax>
		<Filter>No</Filter>
		<Help></Help>
		<HelpLink></HelpLink>
		<Icon Link="" width="50" height="50" sprites="0" />
		<InIframe>No</InIframe>
		<BlockEditTools>No</BlockEditTools>
		<AliasList></AliasList>
		<FormXML></FormXML>
		<IsInline>No</IsInline>
		<JavascriptInHead></JavascriptInHead>
		<javascriptForceHead>No</javascriptForceHead>
		<JSHeadScriptSrc></JSHeadScriptSrc>
		<!-- deprecated --><JSBodyScriptSrc></JSBodyScriptSrc>
		<!-- deprecated --><JavascriptBodyEnd></JavascriptBodyEnd>
		<!-- deprecated --><JavascriptOnLoad></JavascriptOnLoad>
		<Content>No</Content>
		<Template>No</Template>
		<Email>No</Email>
		<Admin>No</Admin>
		<OnPageEndEvent>No</OnPageEndEvent>
		<OnPageStartEvent>No</OnPageStartEvent>
		<OnBodyStart>No</OnBodyStart>
		<OnBodyEnd>No</OnBodyEnd>
		<RemoteMethod>No</RemoteMethod>
		<Diagnostic>No</Diagnostic>
		<ProcessRunOnce>No</ProcessRunOnce>
		<ProcessInterval>0</ProcessInterval>
		<MetaDescription></MetaDescription>
		<OtherHeadTags><![CDATA[<script src="/codeMirror/js/codemirror.js" type="text/javascript"></script>]]></OtherHeadTags>
		<PageTitle></PageTitle>
		<RemoteAssetLink></RemoteAssetLink>
		<Styles><![CDATA[

.CodeMirror-line-numbers {
	padding-top: .45em ! important;
	background-color: #eee ! important;
}
.CodeMirror-line-numbers div {
	width: 2.2em ! important;
	color: #aaa ! important;
	background-color: #eee ! important;
	text-align: right ! important;
	padding-right: .3em ! important;
	font-size: 10pt ! important;
	font-family: monospace ! important;
	line-height: normal ! important;
}
		
]]></Styles>
		<styleslinkhref></styleslinkhref>
		<Scripting Language="Javascript" EntryPoint="m" Timeout="5000">
			<Code><![CDATA[

function m() {
var s,editorName,editorValue;
editorName=cp.Doc.GetText('editorName');
editorValue=cp.Doc.GetText('editorValue');
editorValue=cp.Utils.EncodeHTML(editorValue);
s='<div class="codeMirrorJsEditor" style="border-top: 1px solid black; border-bottom: 1px solid black;background-color:white;">'
s+='\n<textarea id="'+editorName+'" name="'+editorName+'" cols="120" rows="30">'+editorValue+'</text'+'area>'
s+='\n</div>';
s+='\n<script type="text/javascript">';
s+='\nvar editor = CodeMirror.fromTextArea("'+editorName+'", { height: "350px", parserfile: "parsexml.js", stylesheet: "/codeMirror/css/xmlcolors.css", path: "/codeMirror/js/", continuousScanning: 500, lineNumbers: true, autoMatchParens: true });'
s+='\n</script>'
	return s;
}

]]></Code>
		</Scripting>
		<Editors>
			<type>HTML Code</type>
			<type>HTML Code File</type>
		</Editors>
	</Addon>
	<Addon name="CodeMirror javascript Editor" guid="{32FC406E-85C6-4329-B8B2-B6491A5FEF5B}" type="Add-on">
		<Copy></Copy>
		<CopyText></CopyText>
		<!-- deprecated --><ActiveXProgramID></ActiveXProgramID>
		<DotNetClass></DotNetClass>
		<ArgumentList><![CDATA[
]]></ArgumentList>
		<AsAjax>No</AsAjax>
		<Filter>No</Filter>
		<Help></Help>
		<HelpLink></HelpLink>
		<Icon Link="" width="50" height="50" sprites="0" />
		<InIframe>No</InIframe>
		<BlockEditTools>No</BlockEditTools>
		<AliasList></AliasList>
		<FormXML></FormXML>
		<IsInline>No</IsInline>
		<JavascriptInHead></JavascriptInHead>
		<javascriptForceHead>No</javascriptForceHead>
		<JSHeadScriptSrc></JSHeadScriptSrc>
		<!-- deprecated --><JSBodyScriptSrc></JSBodyScriptSrc>
		<!-- deprecated --><JavascriptBodyEnd></JavascriptBodyEnd>
		<!-- deprecated --><JavascriptOnLoad></JavascriptOnLoad>
		<Content>No</Content>
		<Template>No</Template>
		<Email>No</Email>
		<Admin>No</Admin>
		<OnPageEndEvent>No</OnPageEndEvent>
		<OnPageStartEvent>No</OnPageStartEvent>
		<OnBodyStart>No</OnBodyStart>
		<OnBodyEnd>No</OnBodyEnd>
		<RemoteMethod>No</RemoteMethod>
		<Diagnostic>No</Diagnostic>
		<ProcessRunOnce>No</ProcessRunOnce>
		<ProcessInterval>0</ProcessInterval>
		<MetaDescription></MetaDescription>
		<OtherHeadTags><![CDATA[<script src="/codeMirror/js/codemirror.js" type="text/javascript"></script>]]></OtherHeadTags>
		<PageTitle></PageTitle>
		<RemoteAssetLink></RemoteAssetLink>
		<Styles><![CDATA[

			.CodeMirror-line-numbers {
				padding-top: .45em ! important;
				background-color: #eee ! important;
			}
			.CodeMirror-line-numbers div {
				width: 2.2em ! important;
				color: #aaa ! important;
				background-color: #eee ! important;
				text-align: right ! important;
				padding-right: .3em ! important;
				font-size: 10pt ! important;
				font-family: monospace ! important;
				line-height: normal ! important;
			}

		
]]></Styles>
		<styleslinkhref></styleslinkhref>
		<Scripting Language="Javascript" EntryPoint="m" Timeout="5000">
			<Code><![CDATA[

			function m() {
				var s,editorName,editorValue;
				editorName=cp.Doc.GetText('editorName');
				editorValue=cp.Doc.GetText('editorValue');
				editorValue=cp.Utils.EncodeHTML(editorValue);
				s='<div class="codeMirrorJsEditor" style="border-top: 1px solid black; border-bottom: 1px solid black;background-color:white;"><textarea id="'+editorName+'" name="'+editorName+'" cols="120" rows="30">'+editorValue+'</text'+'area></div>';
				s+='\n<script type="text/javascript">';
				s+='\nvar editor = CodeMirror.fromTextArea("'+editorName+'", { height: "350px", parserfile: ["tokenizejavascript.js", "parsejavascript.js"], stylesheet: "/codeMirror/css/jscolors.css", path: "/codeMirror/js/", continuousScanning: 500, lineNumbers: true, autoMatchParens: true });'
				s+='\n</script>'
				return s;
			}

		]]></Code>
		</Scripting>
		<Editors>
			<type>TextFile</type>
			<type>LongText</type>
			<type>Javascript File</type>
		</Editors>
	</Addon>
</Collection>